ID,Year_Birth,Education,Marital_Status,Income
5524,1957,Graduation,Single,58138
2174,1954,Graduation,Single,46344
4141,1965,Graduation,Together,71613
6182,1984,Graduation,Together,26646
5324,1981,PhD,Married,58293
7446,1967,Master,Together,62513
965,1971,Graduation,Divorced,55635
6177,1985,PhD,Married,33454
4855,1974,PhD,Together,30351
5899,1950,PhD,Together,5648
1994,1983,Graduation,Married,
387,1976,Basic,Married,7500
2125,1959,Graduation,Divorced,63033
8180,1952,Master,Divorced,59354
2569,1987,Graduation,Married,17323
2114,1946,PhD,Single,82800
9736,1980,Graduation,Married,41850
4939,1946,Graduation,Together,37760
6565,1949,Master,Married,76995
2278,1985,2n Cycle,Single,33812
9360,1982,Graduation,Married,37040
5376,1979,Graduation,Married,2447
1993,1949,PhD,Married,58607
4047,1954,PhD,Married,65324
1409,1951,Graduation,Together,40689
7892,1969,Graduation,Single,18589
2404,1976,Graduation,Married,53359
5255,1986,Graduation,Single,
9422,1989,Graduation,Married,38360
1966,1965,PhD,Married,84618
6864,1989,Master,Divorced,10979
3033,1963,Master,Together,38620
5710,1970,Graduation,Together,40548
7373,1952,PhD,Divorced,46610
8755,1946,Master,Married,68657
10738,1951,Master,Single,49389
4339,1970,PhD,Married,67353
10755,1976,2n Cycle,Married,23718
8595,1973,Graduation,Widow,42429
2968,1943,PhD,Divorced,48948
8601,1980,Graduation,Married,80011
503,1985,Master,Married,20559
8430,1957,Graduation,Together,21994
7281,1959,PhD,Single,
2139,1975,Master,Married,7500
1371,1976,Graduation,Single,79941
9909,1996,2n Cycle,Married,7500
7286,1968,Graduation,Together,41728
7244,1951,Graduation,Single,
6566,1954,PhD,Married,72550
8614,1957,Graduation,Widow,65486
4114,1964,Master,Married,79143
1331,1977,Graduation,Single,35790
2225,1977,Graduation,Divorced,82582
9381,1978,Graduation,Married,66373
6260,1955,Master,Together,82384
10383,1966,Graduation,Divorced,70287
7437,1988,Graduation,Single,27938
8557,1982,Graduation,Single,
8375,1968,PhD,Married,55954
6853,1982,Master,Single,75777
3076,1975,Graduation,Together,66653
1012,1952,Graduation,Single,61823
6518,1951,PhD,Widow,67680
4137,1948,Graduation,Together,70666
8082,1971,Graduation,Married,25721
1386,1967,Graduation,Together,32474
9369,1979,2n Cycle,Single,88194
4477,1958,Graduation,Together,69096
1357,1970,Graduation,Together,74854
1402,1954,Master,Married,66991
10629,1973,2n Cycle,Married,
6312,1959,Graduation,Married,65031
8132,1975,PhD,Married,60631
1050,1952,Graduation,Married,28332
5846,1977,Graduation,Divorced,40246
1859,1972,Master,Married,75251
7503,1976,Graduation,Single,75825
10401,1976,2n Cycle,Together,26326
1618,1965,Graduation,Together,56046
3332,1985,Graduation,Single,29760
2261,1969,Graduation,Married,26304
5346,1973,2n Cycle,Married,23559
4119,1963,Master,Together,38620
535,1987,Graduation,Divorced,81361
5268,1960,Graduation,Married,29440
273,1970,Master,Married,36138
4452,1957,Graduation,Single,50388
8504,1973,Graduation,Married,79593
771,1967,Graduation,Together,54178
8996,1957,PhD,Married,
9235,1957,Graduation,Single,
5798,1973,Master,Together,
11178,1972,Master,Single,42394
2230,1970,PhD,Married,23626
7516,1983,Graduation,Married,30096
7247,1960,Graduation,Widow,47916
11100,1972,Graduation,Divorced,51813
4646,1951,2n Cycle,Married,78497
3037,1983,PhD,Married,50150
1473,1960,2n Cycle,Single,47823
1016,1959,PhD,Single,34554
4518,1979,Graduation,Together,85693
9370,1945,PhD,Married,65846
8908,1959,Graduation,Married,87195
8373,1979,Basic,Together,24594
7533,1964,Graduation,Married,49096
2683,1969,Graduation,Married,52413
3629,1978,Graduation,Single,38557
10991,1960,Master,Married,89058
5077,1979,Graduation,Together,77298
7431,1991,PhD,Single,68126
3267,1963,Master,Together,57288
999,1991,Graduation,Single,86037
9215,1980,PhD,Married,43974
2286,1962,Graduation,Single,50785
1592,1970,Graduation,Married,90765
367,1978,2n Cycle,Married,36550
5234,1967,2n Cycle,Together,30753
9862,1969,Graduation,Together,21918
9805,1953,Master,Together,56129
6205,1967,Master,Single,32557
8442,1985,Master,Married,19510
7386,1976,Graduation,Divorced,30992
7215,1983,Graduation,Single,101970
1491,1965,2n Cycle,Together,71488
11071,1984,Graduation,Single,79607
3381,1953,Master,Married,54348
8268,1961,PhD,Married,
11051,1956,PhD,Together,77376
8026,1952,Graduation,Married,62998
433,1958,Master,Alone,61331
9597,1969,Graduation,Married,73448
1295,1963,Graduation,Married,
5290,1964,PhD,Married,41551
1685,1967,PhD,Together,62981
5342,1976,Basic,Divorced,9548
9579,1959,PhD,Married,33762
7660,1973,PhD,Alone,35860
1461,1965,PhD,Divorced,36921
821,1992,Master,Single,92859
11084,1976,Master,Together,65104
8690,1962,Graduation,Married,86111
2937,1974,PhD,Single,68352
9701,1988,Graduation,Together,41883
9949,1976,Graduation,Married,59809
10837,1975,Graduation,Married,23957
3120,1981,Graduation,Together,38547
5885,1973,2n Cycle,Married,35688
4050,1966,Master,Married,49605
3830,1953,Master,Married,59354
7987,1969,Graduation,Married,65747
7798,1972,2n Cycle,Together,46344
92,1988,Graduation,Alone,34176
7055,1952,PhD,Together,61010
10240,1949,Graduation,Together,69372
3025,1958,Graduation,Single,49967
9283,1978,Graduation,Single,60199
9970,1977,Graduation,Together,55375
2730,1955,Graduation,Single,80317
2795,1958,Master,Single,30523
9260,1945,PhD,Married,70356
8182,1984,Graduation,Married,23228
10095,1975,PhD,Divorced,74165
8475,1973,PhD,Married,157243
4370,1966,Graduation,Together,43482
10573,1953,Graduation,Divorced,62551
3712,1959,Graduation,Divorced,52332
6637,1988,Graduation,Single,66951
3152,1957,Graduation,Together,26091
5610,1965,Graduation,Together,33456
6460,1982,Graduation,Married,28718
1349,1970,Graduation,Married,50447
1880,1959,PhD,Together,53537
641,1967,Graduation,Single,52074
8717,1975,PhD,Married,80427
10314,1948,PhD,Married,83837
10854,1970,PhD,Married,38853
10492,1959,Graduation,Together,38285
6935,1951,2n Cycle,Married,78497
7698,1976,PhD,Married,51650
3559,1988,2n Cycle,Married,16248
10562,1946,Master,Married,66835
10796,1984,Master,Married,30477
2563,1961,Basic,Married,28249
3518,1983,Graduation,Married,25271
5823,1970,PhD,Single,32303
3934,1966,Graduation,Married,61286
6982,1976,Graduation,Married,74068
6431,1964,PhD,Married,45759
9733,1978,Basic,Together,24882
5602,1989,PhD,Together,66973
7829,1900,2n Cycle,Divorced,36640
1324,1988,Graduation,Married,38872
326,1973,Graduation,Married,51148
7224,1977,Graduation,Married,31353
6999,1980,Master,Married,69661
9938,1954,Graduation,Married,80067
6422,1954,Graduation,Married,86718
3182,1973,PhD,Single,46854
7300,1952,Graduation,Divorced,69142
10424,1968,Graduation,Single,75922
8727,1978,Graduation,Divorced,63693
2798,1977,PhD,Together,102160
1030,1965,PhD,Single,40637
624,1984,Master,Single,18890
5176,1988,Graduation,Together,29604
5552,1963,Master,Divorced,48721
868,1966,Graduation,Married,44794
380,1954,Graduation,Divorced,64497
2677,1956,Graduation,Together,46097
6521,1954,Graduation,Together,77972
6927,1968,PhD,Married,44377
2877,1974,Master,Together,46014
0,1985,Graduation,Married,70951
1584,1977,Graduation,Married,41443
7264,1978,2n Cycle,Single,52195
6274,1948,Master,Married,83790
1377,1954,Master,Widow,44551
454,1980,Graduation,Together,69508
1755,1988,2n Cycle,Together,45204
2075,1969,Graduation,Married,72460
4785,1970,PhD,Together,77622
9076,1980,PhD,Married,30732
7079,1962,Graduation,Divorced,63887
4653,1978,Graduation,Together,42011
7375,1976,Graduation,Together,51369
709,1952,Graduation,Divorced,51537
460,1972,PhD,Married,79930
3726,1986,PhD,Together,34320
6798,1966,Graduation,Single,37070
5341,1962,2n Cycle,Divorced,81975
1606,1971,Graduation,Together,38590
9617,1951,Graduation,Single,15033
3233,1965,PhD,Married,62745
89,1975,2n Cycle,Married,22212
2936,1982,Master,Together,23661
9449,1958,PhD,Single,79761
7297,1973,Graduation,Single,7500
11004,1893,2n Cycle,Single,60182
313,1968,Graduation,Widow,73455
9940,1958,Graduation,Together,64961
10735,1971,Graduation,Single,22804
9529,1990,Graduation,Married,73687
6439,1958,Graduation,Married,61074
7411,1964,PhD,Married,31686
2176,1972,Graduation,Married,80134
9265,1953,Graduation,Married,75027
8867,1988,PhD,Married,67546
8932,1969,Master,Together,65176
10236,1975,Master,Single,31160
6340,1985,Graduation,Single,29938
10089,1974,Graduation,Divorced,102692
2227,1958,2n Cycle,Together,26490
10992,1967,Graduation,Together,75702
5304,1974,PhD,Single,30899
309,1961,PhD,Together,63342
3406,1964,Graduation,Single,45989
2661,1964,Graduation,Single,18701
3153,1957,PhD,Single,40737
10264,1979,Graduation,Divorced,15287
1184,1968,PhD,Divorced,69674
4200,1970,Master,Married,44159
9396,1978,PhD,Married,37717
2387,1952,Master,Together,43776
6690,1966,Master,Married,38179
1225,1963,Graduation,Married,80124
9703,1970,PhD,Married,38097
291,1970,Graduation,Married,72940
4557,1970,Graduation,Together,22070
2379,1953,Graduation,Single,69267
5726,1983,Master,Single,31788
3066,1975,PhD,Together,61905
6336,1960,Graduation,Married,29315
10967,1963,Graduation,Divorced,33378
2304,1963,PhD,Together,66313
3445,1956,Graduation,Single,60714
7828,1981,Master,Together,77882
3762,1986,PhD,Single,69867
4391,1968,Master,Divorced,63841
4669,1981,Basic,Married,24480
10144,1976,Graduation,Together,51369
8652,1946,Graduation,Together,37760
1672,1974,PhD,Together,65640
8962,1975,Master,Married,44319
9974,1974,Graduation,Married,30631
10983,1952,Graduation,Together,75278
8148,1956,Master,Together,50898
10102,1966,Graduation,Widow,79946
4697,1949,Master,Divorced,35416
9262,1984,2n Cycle,Together,32414
7254,1969,Graduation,Together,38361
4543,1980,Graduation,Married,82497
4927,1971,Graduation,Together,16626
10451,1965,Graduation,Together,29672
2926,1952,Master,Together,55951
2874,1988,2n Cycle,Divorced,35388
9738,1986,Master,Together,42386
7119,1982,Graduation,Single,68627
3924,1965,PhD,Divorced,57912
5827,1958,Graduation,Divorced,35246
5596,1956,2n Cycle,Together,58821
10812,1978,PhD,Married,46377
1717,1988,Graduation,Single,39747
9491,1984,Graduation,Together,23976
9274,1961,Master,Married,80950
6609,1966,Graduation,Widow,27038
6963,1947,Graduation,Single,77457
4440,1964,Master,Married,64100
1379,1992,Master,Together,42670
10032,1976,Graduation,Divorced,12571
2826,1967,Graduation,Married,22574
2437,1989,Graduation,Married,
6320,1976,Master,Single,70893
3050,1966,Graduation,Married,54198
231,1956,Master,Together,28839
2392,1972,Graduation,Married,40321
9478,1985,Graduation,Single,66503
113,1951,Graduation,Married,30833
2863,1970,Graduation,Single,
1802,1971,Graduation,Married,64795
520,1974,Graduation,Married,34421
8275,1965,PhD,Divorced,47025
9750,1961,PhD,Divorced,64325
2607,1953,Graduation,Single,40464
7214,1957,Graduation,Married,62187
5835,1976,PhD,Divorced,14849
3896,1984,Graduation,Married,27255
10350,1950,PhD,Married,54432
7786,1986,PhD,Single,29999
2861,1983,Graduation,Single,24072
663,1989,PhD,Single,33996
10675,1956,PhD,Married,66334
2521,1971,Master,Married,35178
9592,1983,Graduation,Together,22010
10151,1960,Graduation,Divorced,62204
7381,1968,Graduation,Divorced,75693
4099,1972,Graduation,Married,30675
9560,1965,Graduation,Together,83003
1150,1899,PhD,Together,83532
10172,1988,Graduation,Single,68655
11191,1986,Graduation,Divorced,41411
9707,1969,PhD,Married,55212
6245,1950,PhD,Together,59292
8234,1973,Basic,Together,27190
1411,1952,Graduation,Divorced,82623
8553,1965,Graduation,Married,44300
1826,1970,Graduation,Divorced,84835
8842,1971,Graduation,Widow,30372
11030,1976,Master,Married,33181
2579,1957,Graduation,Married,71113
175,1986,Graduation,Married,71952
9185,1966,PhD,Single,69759
11056,1974,Graduation,Married,72099
9365,1976,PhD,Single,60000
6201,1978,Graduation,Single,38643
2061,1955,Graduation,Married,50737
6184,1969,PhD,Married,68462
6142,1943,Master,Married,65073
4107,1948,PhD,Together,46681
7274,1957,Graduation,Married,78618
9336,1969,PhD,Widow,62187
2958,1978,Graduation,Married,28442
933,1978,PhD,Married,37717
5837,1967,Graduation,Married,51479
10704,1969,Graduation,Single,54803
5125,1960,Graduation,Married,79530
4432,1976,Graduation,Divorced,31615
5955,1962,Graduation,Together,72025
2928,1975,PhD,Single,52614
5680,1984,2n Cycle,Married,35684
10313,1975,Graduation,Married,48178
2557,1970,Master,Single,29548
1245,1966,Graduation,Single,63810
1519,1972,PhD,Single,38578
10703,1975,Master,Single,46098
1726,1970,Graduation,Single,22585
4459,1989,Graduation,Single,30279
1729,1961,PhD,Together,66426
1517,1969,Graduation,Single,30822
2098,1969,PhD,Married,33581
9543,1985,Graduation,Married,19986
6878,1954,Graduation,Widow,27421
3310,1973,2n Cycle,Married,35688
2724,1981,Master,Single,36143
948,1971,Graduation,Single,10245
6720,1968,Master,Together,43795
6202,1960,Graduation,Together,63381
2066,1949,Graduation,Together,38823
9799,1968,PhD,Divorced,83664
8318,1979,Graduation,Together,90300
5642,1979,Master,Together,62499
2669,1993,Graduation,Single,74293
455,1946,PhD,Married,51012
7683,1968,Master,Married,70777
3428,1991,PhD,Together,68682
7414,1971,Graduation,Married,43824
6354,1984,Graduation,Together,15345
798,1987,Graduation,Single,23442
8213,1980,2n Cycle,Together,14515
2488,1956,2n Cycle,Divorced,31395
9999,1965,Graduation,Together,75276
7617,1974,Graduation,Single,42373
615,1960,Graduation,Together,30507
2552,1955,PhD,Single,55521
194,1965,Graduation,Married,48006
3645,1972,PhD,Single,27213
8890,1971,PhD,Divorced,65808
5049,1974,PhD,Together,30351
9973,1963,Graduation,Married,50437
7301,1982,2n Cycle,Single,23616
10882,1976,Graduation,Married,53858
7030,1955,PhD,Married,66465
7422,1987,Graduation,Single,46923
3523,1962,Graduation,Together,75072
7106,1943,PhD,Married,75865
6504,1975,2n Cycle,Together,19789
5067,1994,Graduation,Together,80134
4216,1981,Graduation,Single,91065
8581,1971,Master,Married,49505
5929,1973,PhD,Married,37401
3129,1983,Graduation,Married,30096
6528,1982,Master,Together,18492
1361,1974,Master,Married,82584
6932,1941,PhD,Married,93027
7284,1953,Graduation,Married,48686
1340,1986,Graduation,Married,92910
8746,1989,Graduation,Married,75433
5987,1989,2n Cycle,Together,10404
3767,1968,Graduation,Married,61314
3725,1961,PhD,Single,84865
4324,1989,Graduation,Married,42387
238,1967,2n Cycle,Together,67309
6694,1964,Graduation,Married,75236
498,1970,Graduation,Single,30015
9347,1956,Master,Together,50943
9699,1966,Graduation,Divorced,67272
10664,1949,Master,Widow,51529
5455,1971,PhD,Married,32011
456,1986,2n Cycle,Married,7500
5012,1989,Graduation,Married,28691
7495,1948,PhD,Married,56223
5029,1946,Graduation,Married,18100
10642,1989,Graduation,Single,30279
2106,1974,2n Cycle,Married,20130
10364,1959,Graduation,Divorced,23295
5954,1972,Master,Divorced,42618
1137,1964,Graduation,Single,81246
2541,1976,Graduation,Married,24027
1142,1953,PhD,Married,55707
2276,1955,Graduation,Single,57959
2807,1969,Graduation,Married,56796
6471,1971,Master,Single,36230
6131,1980,2n Cycle,Married,70829
6233,1976,Graduation,Married,65991
4148,1972,Graduation,Married,38988
4947,1966,2n Cycle,Single,89572
3225,1984,Master,Married,42207
7540,1952,Graduation,Married,50300
10648,1982,2n Cycle,Together,66664
1992,1964,Graduation,Married,60597
7851,1949,Graduation,Widow,70165
8594,1958,PhD,Widow,50520
7059,1963,Graduation,Married,80124
2815,1975,Graduation,Married,33183
2416,1969,PhD,Single,66582
7999,1955,PhD,Together,75261
9213,1970,Graduation,Widow,31880
9697,1951,Graduation,Married,53790
3916,1971,PhD,Together,49269
2021,1975,Graduation,Married,61456
1581,1980,Graduation,Married,37406
564,1981,PhD,Together,56937
6619,1978,Graduation,Married,38415
9081,1988,Graduation,Single,20518
178,1956,Graduation,Married,62503
916,1972,PhD,Single,41644
5512,1977,Master,Married,55842
8970,1972,PhD,Married,62010
10581,1977,Graduation,Married,41124
5300,1973,Master,Married,38961
5154,1972,Master,Divorced,37760
8346,1974,Graduation,Single,32233
1676,1975,Graduation,Married,43057
9286,1960,Master,Together,83151
2426,1964,PhD,Divorced,78825
5172,1976,Master,Together,65104
5562,1974,Graduation,Married,60093
3436,1969,Graduation,Married,14045
3921,1952,2n Cycle,Widow,28457
3403,1958,PhD,Together,78952
22,1976,Graduation,Divorced,46310
10965,1955,Graduation,Together,76005
9426,1964,Master,Single,58308
6605,1944,PhD,Divorced,55614
3136,1962,Master,Divorced,59432
8737,1978,Graduation,Divorced,55563
11088,1971,PhD,Together,78642
716,1949,PhD,Together,67911
466,1944,Graduation,Married,65275
9135,1950,Graduation,Together,27203
10623,1961,Master,Together,48330
8151,1990,Basic,Married,24279
5140,1985,PhD,Married,64355
10160,1956,Master,Together,50943
4945,1953,Graduation,Widow,53653
10584,1976,Graduation,Married,65665
6071,1989,Graduation,Single,81217
3386,1992,Graduation,Married,34935
8939,1959,Graduation,Divorced,61250
9925,1981,PhD,Together,39665
4320,1979,Graduation,Single,60152
5389,1964,Graduation,Married,48920
6036,1959,Master,Together,89120
182,1946,PhD,Together,44124
203,1975,Master,Single,81169
11025,1961,Graduation,Married,36443
10203,1990,Graduation,Single,26095
4607,1959,Graduation,Together,71367
3711,1944,Master,Married,80184
3696,1965,Graduation,Divorced,30630
2532,1987,Master,Single,73454
9214,1991,Graduation,Married,42691
4943,1953,Graduation,Married,70503
35,1987,Graduation,Married,25545
2258,1986,Graduation,Married,32880
4322,1958,PhD,Together,77863
713,1977,Master,Married,50353
4702,1964,Graduation,Single,61839
3281,1960,PhD,Married,49154
702,1975,2n Cycle,Widow,47682
2004,1969,Graduation,Single,72679
4769,1977,Master,Together,57954
4437,1962,Graduation,Married,65316
8724,1982,Graduation,Single,28567
10741,1951,Master,Together,47352
1991,1967,Graduation,Together,44931
6931,1967,Graduation,Divorced,76982
11096,1952,2n Cycle,Together,57247
304,1981,Master,Single,22944
3665,1977,2n Cycle,Together,25315
10591,1969,Graduation,Widow,43638
5036,1984,PhD,Single,42710
5547,1982,PhD,Married,84169
7822,1976,Graduation,Together,54058
8541,1990,2n Cycle,Married,24683
10955,1964,Graduation,Widow,85620
4368,1980,Graduation,Married,47850
9671,1968,Graduation,Married,19514
2256,1973,Master,Married,27159
4279,1963,2n Cycle,Single,39548
5371,1989,Graduation,Single,21474
9240,1971,PhD,Single,60504
9460,1963,Graduation,Married,22419
9504,1949,Master,Married,81698
8692,1952,Graduation,Together,43462
448,1978,PhD,Single,54880
8314,1982,Graduation,Married,79908
8420,1970,2n Cycle,Married,15315
3174,1959,Graduation,Together,87771
7685,1978,Graduation,Married,33039
3179,1980,Graduation,Single,81741
9780,1971,Master,Together,71499
10681,1970,2n Cycle,Married,62466
10232,1963,PhD,Divorced,48799
4184,1950,PhD,Together,52157
9120,1962,Graduation,Single,66565
891,1951,Master,Together,29298
10381,1979,Graduation,Single,47691
3525,1970,Graduation,Together,38200
6818,1974,Graduation,Married,44989
3526,1968,PhD,Married,38443
8181,1978,2n Cycle,Single,38593
1029,1970,PhD,Together,64413
7369,1981,Master,Married,36959
2574,1977,PhD,Married,61996
8159,1968,Graduation,Married,51287
1160,1970,Graduation,Married,13260
10242,1966,PhD,Together,47472
5253,1956,Master,Together,54603
5966,1974,PhD,Married,45207
5314,1951,Graduation,Together,40689
5081,1967,2n Cycle,Together,47821
5123,1951,Master,Married,27450
5756,1983,Graduation,Together,39453
8036,1971,2n Cycle,Together,26850
9058,1955,Graduation,Widow,79800
5057,1961,Master,Married,61794
254,1955,Graduation,Together,53863
4179,1959,Graduation,Together,24221
3710,1984,PhD,Single,39684
7627,1975,Master,Married,92163
4501,1965,Master,Single,69882
6424,1977,Graduation,Together,33178
3075,1972,PhD,Married,59973
4992,1975,Master,Together,17459
5252,1969,Graduation,Divorced,23910
7444,1969,Master,Married,42169
6919,1978,2n Cycle,Married,26224
3537,1981,Graduation,Together,31089
10277,1961,Graduation,Single,30081
2453,1960,Graduation,Together,62807
7972,1955,Graduation,Single,72906
895,1948,PhD,Married,61467
1177,1966,Master,Together,49618
7141,1986,Master,Single,21888
7232,1973,Graduation,Widow,42429
8477,1956,Graduation,Divorced,26150
2457,1975,Basic,Married,30801
988,1965,Graduation,Married,81168
7930,1969,Master,Single,26877
4587,1944,Master,Widow,45006
6682,1973,Basic,Married,18978
6222,1967,Graduation,Married,22574
10299,1969,PhD,Single,48240
3083,1974,Graduation,Married,45837
8953,1965,Master,Single,35791
1503,1976,PhD,Together,162397
8650,1978,Graduation,Widow,54162
10862,1960,Master,Married,30522
2782,1961,PhD,Married,54456
6941,1971,Graduation,Single,31632
10972,1949,Graduation,Widow,72298
10708,1978,2n Cycle,Single,36975
6583,1955,2n Cycle,Married,72635
3641,1976,Graduation,Married,13624
10156,1975,Graduation,Single,84196
4299,1960,Graduation,Together,70971
3469,1977,PhD,Divorced,34487
5063,1977,Graduation,Single,28769
10727,1970,PhD,Married,69084
9624,1958,PhD,Together,65488
5156,1970,2n Cycle,Married,62466
4376,1960,2n Cycle,Single,32218
8923,1973,Graduation,Single,83917
8461,1962,Graduation,Divorced,46102
6945,1952,Graduation,Single,84574
944,1962,Graduation,Married,56181
1907,1950,Master,Divorced,63120
701,1971,Graduation,Married,73691
3856,1960,Graduation,Together,63381
4149,1948,PhD,Together,76140
2131,1959,PhD,Divorced,62859
2942,1964,Graduation,Single,45906
1173,1947,Master,Together,77632
4381,1971,PhD,Married,46463
4611,1970,Graduation,Together,105471
3376,1970,Master,Divorced,55282
4679,1977,Master,Married,78710
10928,1958,Graduation,Together,66886
4248,1960,Master,Single,98777
6728,1985,Graduation,Together,29103
6661,1974,Graduation,Married,67445
4725,1950,PhD,Together,50616
3277,1955,Graduation,Divorced,49431
5555,1975,Graduation,Divorced,153924
2564,1953,Graduation,Together,61278
946,1958,2n Cycle,Together,26490
3867,1947,PhD,Together,73059
6940,1966,PhD,Single,46734
55,1963,Graduation,Together,56253
7093,1985,Graduation,Married,19986
5084,1975,Graduation,Widow,58330
1777,1980,Basic,Married,25965
8162,1956,Master,Together,14661
10826,1959,Graduation,Married,18690
8754,1974,PhD,Together,45068
1987,1987,Basic,Single,21063
11007,1968,PhD,Married,29187
7426,1971,2n Cycle,Married,54690
9153,1964,PhD,Married,59304
10379,1962,Master,Single,59247
9204,1970,Graduation,Widow,66731
3197,1980,Graduation,Married,77353
2920,1975,PhD,Single,52614
6961,1974,Graduation,Married,26751
4673,1963,PhD,Married,81300
9937,1979,Graduation,Single,70337
8779,1985,2n Cycle,Married,36145
9596,1980,PhD,Single,65295
2891,1963,Graduation,Divorced,68118
4910,1967,Graduation,Divorced,68743
75,1982,2n Cycle,Together,41039
10120,1955,Graduation,Together,38946
6327,1967,Graduation,Together,65777
10142,1976,PhD,Divorced,66476
9826,1972,PhD,Single,86857
1501,1982,PhD,Married,160803
10767,1989,PhD,Together,77845
7279,1969,PhD,Together,69476
7230,1960,PhD,Divorced,50611
143,1970,Graduation,Single,61209
450,1958,Master,Together,42315
9316,1952,Basic,Together,13084
6379,1949,Master,Widow,47570
9239,1961,Master,Married,61923
8315,1995,Graduation,Single,34824
2868,1949,PhD,Single,26518
10888,1961,Graduation,Single,45938
1277,1960,Graduation,Together,78468
9977,1973,Graduation,Divorced,78901
10196,1978,Graduation,Married,71427
6384,1978,Graduation,Divorced,71022
8029,1988,Master,Single,90247
968,1968,Master,Divorced,41335
6988,1986,Graduation,Married,71952
4472,1970,PhD,Divorced,35682
6991,1951,Graduation,Divorced,43185
3336,1948,PhD,Together,66375
4301,1971,Master,Married,35178
1940,1986,Graduation,Married,25252
1272,1965,Master,Single,55250
1388,1975,Graduation,Single,33249
1044,1953,Graduation,Together,58398
6969,1982,Graduation,Together,50272
10479,1975,PhD,Married,76618
3619,1960,2n Cycle,Divorced,87305
1715,1978,Graduation,Together,25851
10159,1970,Graduation,Divorced,58710
1463,1958,Graduation,Single,45160
5114,1965,Master,Married,74806
4990,1954,Graduation,Married,59111
4329,1984,PhD,Married,18988
10936,1965,Graduation,Married,72190
4692,1976,Graduation,Married,7500
7212,1966,Graduation,Married,44794
6086,1955,Graduation,Married,80395
437,1976,Master,Divorced,75012
11171,1965,Master,Married,56962
11101,1991,Graduation,Together,89891
5329,1949,PhD,Divorced,35946
610,1953,PhD,Together,53593
9384,1978,Graduation,Married,66373
5956,1948,PhD,Divorced,45072
10430,1973,Graduation,Divorced,89694
7875,1949,Graduation,Married,72025
7072,1973,Graduation,Married,67432
6255,1952,Master,Together,70545
6516,1989,Basic,Married,17487
5564,1969,Graduation,Together,62882
5682,1953,PhD,Single,64108
7458,1956,Master,Together,34941
5237,1950,PhD,Single,48767
7761,1978,2n Cycle,Together,38702
5278,1964,Graduation,Married,82224
3560,1952,Graduation,Together,83844
7235,1975,2n Cycle,Married,17003
10548,1995,Graduation,Single,71163
2281,1970,Graduation,Single,33697
4073,1954,2n Cycle,Married,63564
6974,1972,PhD,Together,83443
7938,1958,PhD,Together,51518
7094,1975,Graduation,Widow,58330
3667,1969,Graduation,Married,80952
7723,1979,Graduation,Together,75507
3870,1978,2n Cycle,Together,63855
4012,1972,PhD,Together,62220
5909,1964,Graduation,Married,58512
10470,1979,Master,Married,40662
6488,1959,PhD,Married,38829
10270,1981,2n Cycle,Married,35523
6887,1967,Graduation,Single,79146
6406,1988,Master,Married,78285
7573,1978,PhD,Single,31626
4508,1952,Graduation,Single,75127
221,1955,Graduation,Married,48726
5331,1977,Graduation,Married,74985
1911,1987,Graduation,Together,67430
20,1965,2n Cycle,Married,46891
8786,1956,Master,Married,62058
10582,1979,Graduation,Married,72063
1915,1951,PhD,Married,78939
8897,1965,Graduation,Single,42720
2371,1972,Graduation,Married,33622
4303,1957,PhD,Together,6835
6825,1953,Graduation,Together,41452
1072,1965,PhD,Single,40760
4964,1958,PhD,Together,74250
2461,1955,Master,Single,51124
10736,1971,Graduation,Single,72258
3194,1974,PhD,Single,71466
10839,1976,Graduation,Together,36283
49,1970,Graduation,Single,20587
4290,1972,Graduation,Married,30467
10219,1972,Graduation,Together,31590
4211,1986,Basic,Married,20425
1135,1960,Master,Together,17144
6299,1968,PhD,Divorced,42564
10846,1978,Master,Married,43783
347,1976,Graduation,Divorced,40780
6543,1945,Master,Together,62847
10446,1957,PhD,Married,82017
3479,1950,Graduation,Single,16813
11075,1978,Graduation,Married,51267
4442,1961,Graduation,Single,46524
199,1962,Master,Single,45183
6722,1954,PhD,Married,70421
796,1965,2n Cycle,Divorced,60161
3749,1973,Graduation,Together,73926
8523,1968,Graduation,Married,19329
310,1970,Master,Married,61872
8629,1956,Graduation,Widow,46984
236,1951,Graduation,Married,34838
9930,1944,PhD,Single,82716
3483,1958,Graduation,Married,48192
4599,1976,Master,Married,49681
7326,1971,Master,Married,56850
7352,1957,Graduation,Married,55267
2350,1972,Graduation,Married,59666
9145,1972,Graduation,Single,72504
2964,1981,Graduation,Married,26872
5585,1972,Graduation,Single,21359
9687,1975,Graduation,Single,73170
3732,1955,Master,Married,52750
6303,1986,PhD,Together,91820
11176,1970,PhD,Together,65968
2986,1976,Graduation,Married,30772
7462,1954,Graduation,Single,22507
3900,1972,Graduation,Married,65685
7034,1978,2n Cycle,Married,25804
9493,1980,PhD,Single,76412
1143,1972,Graduation,Married,22063
1,1961,Graduation,Single,57091
3855,1963,Graduation,Married,22419
5536,1959,Graduation,Together,87771
5989,1959,2n Cycle,Divorced,78353
9499,1954,Graduation,Married,93404
6768,1962,Graduation,Divorced,37859
2150,1958,PhD,Widow,80995
6646,1984,Graduation,Together,16529
4887,1976,PhD,Divorced,55412
8560,1992,Graduation,Single,48789
3321,1967,PhD,Together,56575
11003,1980,2n Cycle,Together,25130
10402,1967,Graduation,Married,35441
9904,1956,Graduation,Married,71391
6141,1972,Master,Single,49494
5687,1980,Graduation,Divorced,81702
10856,1980,2n Cycle,Single,45889
5121,1977,Graduation,Single,56628
4186,1950,Graduation,Together,34026
368,1974,Graduation,Married,40049
3312,1988,Graduation,Single,34176
11121,1981,Graduation,Married,19419
5332,1960,2n Cycle,Married,82504
5848,1970,Graduation,Together,81205
10343,1991,2n Cycle,Single,61618
5935,1956,Master,Single,55284
2895,1963,Graduation,Single,49980
10262,1980,Graduation,Married,15072
7848,1974,Graduation,Single,49166
9477,1954,PhD,Married,65324
4856,1957,2n Cycle,Married,82347
7186,1966,PhD,Together,30843
5794,1974,PhD,Married,46374
1456,1979,Graduation,Single,60474
4877,1973,Master,Married,38576
425,1985,Graduation,Married,55357
3007,1966,Graduation,Together,37758
1031,1989,2n Cycle,Married,85710
4297,1969,Graduation,Together,23228
807,1969,Master,Together,44602
9553,1987,Graduation,Married,7500
4271,1989,2n Cycle,Together,38683
4120,1975,2n Cycle,Single,49514
2036,1973,PhD,Together,57906
115,1966,Master,Single,43456
4259,1986,Master,Single,19485
8687,1978,Graduation,Together,53172
2447,1979,Graduation,Together,30545
10140,1983,PhD,Together,70123
9353,1959,Graduation,Single,62450
3623,1976,Graduation,Together,21675
738,1981,2n Cycle,Single,42395
7631,1978,Master,Together,61346
4789,1953,Graduation,Together,80812
773,1971,Master,Divorced,42835
10602,1983,Graduation,Married,39922
1446,1956,Master,Single,86424
3270,1978,2n Cycle,Together,17117
8443,1972,Graduation,Single,24762
9653,1975,Graduation,Married,35797
8916,1975,Graduation,Divorced,36627
8017,1981,2n Cycle,Married,51111
5830,1972,PhD,Single,86857
4597,1970,PhD,Together,82072
7023,1953,PhD,Single,46231
8086,1959,Graduation,Married,42243
8825,1962,Graduation,Together,51195
2930,1978,Master,Single,68092
1928,1973,Graduation,Married,31814
7108,1965,Master,Widow,51390
10925,1983,Graduation,Married,76630
9960,1991,Basic,Single,26868
8800,1943,PhD,Divorced,48948
9224,1972,PhD,Single,55260
5519,1956,Graduation,Together,64090
5046,1958,Graduation,Divorced,78331
7037,1974,PhD,Married,37087
905,1986,Graduation,Divorced,21846
8624,1958,Graduation,Married,81320
8945,1970,Graduation,Divorced,54137
6445,1967,Graduation,Together,66825
2727,1973,Graduation,Together,57100
6404,1969,Graduation,Together,58917
11074,1977,Graduation,Single,85072
10150,1961,Graduation,Single,86429
1968,1971,Graduation,Widow,45684
6534,1974,Graduation,Together,47889
9485,1986,PhD,Married,45921
7053,1966,PhD,Single,78420
4654,1992,Graduation,Together,75114
9760,1963,PhD,Widow,52278
1048,1972,Master,Married,35641
10619,1994,Graduation,Single,95529
9308,1954,Graduation,Married,62820
10505,1960,Master,Together,73113
8362,1982,PhD,Married,84169
2625,1954,2n Cycle,Single,42607
4637,1954,PhD,Single,74637
9972,1955,PhD,Together,46015
4483,1993,Graduation,Single,72354
4487,1969,Master,Single,39858
4988,1948,PhD,Married,34469
8931,1986,Graduation,Together,83033
5871,1979,Master,Together,24401
2008,1978,Graduation,Married,77583
3139,1982,2n Cycle,Single,74116
10037,1993,Graduation,Single,74293
10673,1976,PhD,Married,68397
5303,1974,PhD,Together,79632
538,1989,Graduation,Single,46107
7922,1951,PhD,Single,64950
5692,1989,Basic,Married,25443
4843,1952,Graduation,Single,75127
6383,1971,PhD,Together,32892
1628,1971,Graduation,Together,71796
1204,1970,PhD,Married,67536
3673,1971,Graduation,Single,55239
760,1975,PhD,Divorced,60554
8957,1952,2n Cycle,Single,64831
4128,1962,PhD,Together,56067
6810,1983,Graduation,Divorced,82025
5386,1953,Graduation,Together,94384
8700,1986,Basic,Single,14906
3202,1987,PhD,Married,51563
1328,1982,2n Cycle,Married,57937
8405,1979,Graduation,Divorced,68274
6515,1977,Graduation,Together,39771
2882,1975,2n Cycle,Divorced,67893
7574,1979,PhD,Together,27922
6387,1976,PhD,Together,52190
5320,1973,Master,Divorced,44051
5048,1971,PhD,Single,42767
8146,1976,Master,Together,46106
10031,1976,PhD,Married,16927
5748,1965,Graduation,Married,59754
2134,1952,Graduation,Single,53700
1523,1973,Graduation,Married,59041
9665,1957,PhD,Divorced,54237
4640,1967,Graduation,Divorced,70647
3635,1962,PhD,Single,52597
3547,1969,Master,Together,41021
2456,1975,PhD,Married,40233
5633,1980,Graduation,Married,50183
7801,1959,Graduation,Together,54753
10489,1973,Graduation,Married,92955
7011,1973,Graduation,Married,33471
2620,1974,PhD,Married,34596
3933,1980,Graduation,Together,44010
10981,1988,Graduation,Married,84219
1734,1968,PhD,Together,40706
10995,1988,2n Cycle,Married,15716
6357,1959,2n Cycle,Divorced,59052
9209,1971,Master,Together,80573
10286,1962,Graduation,Married,83715
2611,1959,Master,Together,82576
1600,1965,Master,Married,56962
3308,1952,Graduation,Married,35704
5407,1954,Graduation,Together,53103
2166,1960,2n Cycle,Widow,46779
3955,1965,Graduation,Divorced,4861
6634,1979,Master,Divorced,33462
3056,1978,Graduation,Divorced,63693
5718,1950,Graduation,Married,80763
6872,1974,PhD,Married,65352
8164,1978,PhD,Married,82170
4580,1969,Graduation,Married,75759
9305,1976,2n Cycle,Single,79689
453,1956,PhD,Widow,35340
8545,1954,Graduation,Divorced,85683
9850,1972,2n Cycle,Married,24884
7378,1981,Master,Together,42021
7646,1989,Graduation,Single,64449
1640,1954,Graduation,Divorced,64587
5184,1995,Graduation,Single,34824
8492,1978,Graduation,Together,75437
11188,1957,Graduation,Together,26091
1212,1973,Graduation,Married,52845
9097,1956,Graduation,Divorced,46086
10473,1956,PhD,Widow,78028
7962,1987,PhD,Single,95169
9984,1981,2n Cycle,Married,56337
5527,1987,Graduation,Together,22434
6374,1954,PhD,Married,36930
7453,1954,Graduation,Single,36130
8952,1953,Master,Married,65569
241,1952,Graduation,Together,83844
8975,1968,Graduation,Married,19514
6119,1963,PhD,Single,36736
5236,1979,Graduation,Together,77568
5723,1976,PhD,Together,49187
1710,1978,Graduation,Single,30168
1970,1968,Master,Together,34053
5313,1971,Master,Married,38196
10634,1951,Master,Married,59412
7010,1965,2n Cycle,Married,70924
8562,1969,Graduation,Together,54165
3158,1973,Graduation,Married,32300
4436,1976,Graduation,Single,20180
5287,1973,Graduation,Married,34961
2445,1974,PhD,Together,28440
6059,1953,PhD,Together,64504
4550,1966,Master,Together,33564
4240,1978,Graduation,Married,17345
8911,1967,PhD,Married,56320
3706,1978,Graduation,Single,28647
3628,1987,Basic,Single,15038
10175,1958,PhD,Divorced,32173
8985,1964,2n Cycle,Together,68316
5204,1971,Graduation,Together,74538
9220,1971,Graduation,Single,91700
9888,1969,Graduation,Together,68695
5263,1977,2n Cycle,Married,31056
1020,1973,Graduation,Married,79593
9503,1980,Graduation,Single,28071
10613,1958,PhD,Together,37334
67,1972,Master,Single,46423
6019,1971,PhD,Married,37126
5863,1953,Graduation,Married,47703
3717,1959,Graduation,Married,61180
6730,1954,Graduation,Married,38998
10749,1991,Graduation,Single,8028
4998,1962,Graduation,Together,76081
6287,1986,Graduation,Together,34728
5985,1965,Master,Single,33168
4754,1966,Master,Married,33585
4002,1960,PhD,Married,77037
8870,1984,Graduation,Together,35196
966,1966,Graduation,Married,44529
4767,1965,2n Cycle,Married,70924
9725,1966,PhD,Together,28764
4475,1949,PhD,Married,69098
5740,1970,2n Cycle,Divorced,25959
5731,1983,Master,Married,27100
7290,1985,Graduation,Single,70596
3846,1974,Graduation,Married,42557
8104,1951,PhD,Married,53312
4507,1952,Graduation,Single,72228
11013,1987,Graduation,Together,67605
4491,1949,Master,Married,62845
3759,1958,Graduation,Together,65196
1162,1987,PhD,Single,42000
2055,1973,PhD,Divorced,35860
10766,1964,PhD,Married,65526
4415,1961,Graduation,Married,16860
3005,1992,Graduation,Single,83528
2223,1965,2n Cycle,Divorced,64176
4817,1956,Graduation,Divorced,22304
2875,1978,Graduation,Married,67023
10536,1971,PhD,Together,32892
11112,1966,Graduation,Together,70713
3807,1955,Graduation,Together,59925
9197,1953,Graduation,Married,39722
10832,1958,Graduation,Together,46610
6421,1961,Graduation,Together,88347
4207,1981,PhD,Married,87171
577,1976,2n Cycle,Together,26907
10855,1968,Master,Single,50014
3081,1978,PhD,Married,41014
3535,1965,Graduation,Single,66294
247,1971,Graduation,Married,36715
8707,1956,Graduation,Married,79456
9523,1982,Graduation,Together,40479
6072,1970,Master,Single,75345
6295,1977,Graduation,Married,54233
10914,1970,Graduation,Single,24163
1509,1958,PhD,Together,84460
5577,1983,Graduation,Together,43776
7348,1958,PhD,Single,71691
1127,1973,PhD,Married,85844
1833,1974,PhD,Single,39190
4944,1959,Graduation,Together,71367
9080,1972,PhD,Single,38578
6466,1965,PhD,Married,57236
9964,1979,Graduation,Single,61825
4790,1958,Graduation,Divorced,79803
10245,1986,2n Cycle,Single,80910
1109,1982,Master,Together,27590
6001,1979,Graduation,Married,56775
5538,1975,Graduation,Divorced,83829
10552,1979,2n Cycle,Married,54210
1545,1986,Graduation,Married,38508
7409,1970,Graduation,Together,53187
4444,1972,Graduation,Married,30023
146,1960,PhD,Single,76045
6271,1952,PhD,Married,50870
10065,1970,2n Cycle,Married,15315
4741,1974,2n Cycle,Married,65463
246,1965,Graduation,Married,66480
375,1954,Graduation,Divorced,76773
1524,1983,2n Cycle,Single,81698
10022,1973,PhD,Single,54466
7451,1960,Master,Single,98777
11010,1984,PhD,Single,16269
4356,1971,Graduation,Together,71819
3885,1983,PhD,Married,33569
1175,1983,Master,Married,36262
880,1966,Basic,Together,22634
2320,1978,2n Cycle,Married,47025
850,1968,Graduation,Single,70566
4713,1979,PhD,Married,31605
675,1973,Master,Divorced,52034
5025,1979,Graduation,Single,48526
2308,1954,Graduation,Married,46734
5995,1962,Graduation,Divorced,39552
6749,1966,Graduation,Single,86358
1010,1977,Graduation,Together,46931
8977,1985,Basic,Single,16581
4756,1952,2n Cycle,Divorced,63998
3412,1951,Master,Married,67381
606,1967,Graduation,Single,25930
5961,1978,Graduation,Married,42693
2975,1976,Graduation,Together,85606
2894,1985,Graduation,Single,72903
7613,1974,2n Cycle,Together,49669
10542,1968,PhD,Married,36778
8015,1962,PhD,Divorced,85696
10617,1989,Master,Divorced,10979
11166,1961,Graduation,Married,49678
849,1953,Master,Together,56129
523,1989,Graduation,Married,37155
4066,1978,2n Cycle,Divorced,21282
8414,1962,PhD,Single,33419
819,1945,Graduation,Widow,63285
4961,1974,Master,Together,21255
749,1981,Graduation,Together,42162
5430,1956,Graduation,Together,54450
7755,1954,PhD,Married,57744
10525,1986,Graduation,Single,26576
1453,1943,PhD,Widow,57513
8310,1964,Graduation,Together,68142
10710,1979,Graduation,Married,7500
5031,1974,Graduation,Together,83145
2613,1960,Master,Married,54197
213,1963,PhD,Single,23091
967,1976,Graduation,Married,46049
1077,1974,Graduation,Together,56715
7959,1961,Graduation,Married,79410
640,1951,Graduation,Married,57304
4252,1965,Graduation,Married,44375
8432,1956,Graduation,Together,54450
6218,1965,Graduation,Married,59594
6905,1994,Graduation,Together,80685
5922,1974,PhD,Married,40344
3598,1972,Graduation,Married,62710
6116,1968,2n Cycle,Married,48985
6263,1968,Graduation,Together,35322
10486,1948,Graduation,Married,77142
2410,1969,Graduation,Single,81657
193,1996,Basic,Married,14421
3363,1974,2n Cycle,Married,20130
8278,1990,PhD,Married,74214
10660,1957,Master,Married,66726
8686,1979,Basic,Together,23724
1604,1960,Master,Married,47353
5907,1952,Master,Married,33444
10669,1981,Graduation,Married,54386
2918,1981,Graduation,Divorced,28510
5735,1991,Master,Single,90638
359,1950,Graduation,Together,48070
8387,1957,Graduation,Married,43140
1829,1961,PhD,Divorced,54959
3839,1958,Basic,Single,15056
9392,1971,Graduation,Single,26954
2292,1985,Graduation,Single,22327
10466,1965,Graduation,Married,44393
9855,1952,PhD,Single,62000
4088,1962,PhD,Together,31497
5231,1974,2n Cycle,Married,45894
590,1970,Master,Divorced,78579
8732,1969,Master,Widow,67369
2315,1960,Graduation,Divorced,58401
3515,1952,Graduation,Single,62307
2245,1969,Master,Married,43641
6283,1968,Master,Divorced,63841
2246,1965,2n Cycle,Married,46891
6606,1969,Master,Married,70091
5545,1972,PhD,Married,78075
7342,1961,2n Cycle,Widow,59184
837,1977,Graduation,Married,54809
9500,1959,Graduation,Married,58113
3602,1958,Master,Married,51412
234,1979,Graduation,Divorced,15287
2995,1957,Master,Together,66636
1118,1956,Master,Married,50965
7789,1965,PhD,Married,84618
3068,1990,Graduation,Married,18351
8955,1957,PhD,Together,40451
945,1965,Graduation,Together,36317
5644,1957,Graduation,Together,42213
7192,1955,Graduation,Together,65748
2324,1972,Graduation,Together,77044
697,1969,Graduation,Together,74918
3439,1972,Graduation,Married,56721
1506,1975,Graduation,Single,42160
232,1965,Graduation,Single,61559
8876,1963,PhD,Together,33629
4500,1991,PhD,Together,68682
9739,1963,Graduation,Single,34377
10395,1986,Basic,Single,8940
1176,1973,Graduation,Married,26228
1627,1957,2n Cycle,Divorced,77297
938,1981,Graduation,Married,40211
2740,1958,PhD,Widow,33438
257,1959,PhD,Married,75032
4058,1955,PhD,Single,61284
7736,1986,Graduation,Married,22518
8210,1975,Master,Married,54730
833,1955,Master,Married,38452
6230,1971,Graduation,Divorced,44421
7325,1986,PhD,Together,38197
1307,1978,Graduation,Divorced,41986
1502,1983,Graduation,Together,28427
6211,1976,PhD,Together,37395
843,1971,Graduation,Married,64722
4174,1956,Master,Together,55249
9757,1972,Graduation,Together,84906
6918,1989,Graduation,Married,28691
286,1952,Graduation,Single,44213
11086,1984,Basic,Single,25707
1921,1967,PhD,Married,59062
4138,1962,Graduation,Single,76624
7718,1947,Master,Together,66000
1291,1978,PhD,Together,27683
6862,1971,Graduation,Divorced,1730
4136,1992,Basic,Single,7500
803,1968,Graduation,Together,40521
4298,1973,PhD,Together,20427
10833,1975,Graduation,Married,65106
9606,1965,PhD,Married,69969
8534,1952,Graduation,Married,67433
5153,1967,PhD,Married,77766
961,1972,Graduation,Married,74716
5011,1963,Graduation,Divorced,68118
6653,1970,PhD,Married,55158
9094,1955,2n Cycle,Married,62972
810,1975,Graduation,Married,74190
5493,1976,Graduation,Married,39356
2147,1969,Graduation,Together,76653
5107,1973,PhD,Divorced,35860
3979,1983,PhD,Divorced,90687
6049,1982,Master,Together,73450
8147,1960,Graduation,Married,31454
1857,1952,Graduation,Single,47139
3910,1975,Graduation,Divorced,83829
5207,1963,PhD,Married,53378
11114,1970,Graduation,Together,19656
5429,1948,PhD,Married,45579
9400,1958,2n Cycle,Single,85485
1740,1944,Graduation,Married,55956
7488,1963,Master,Single,64191
195,1972,Graduation,Single,38808
635,1966,Master,Married,57183
7527,1968,Master,Divorced,23748
10319,1971,Graduation,Married,66303
2296,1975,Master,Married,37368
10637,1964,Graduation,Married,40800
2931,1978,Graduation,Divorced,71847
907,1975,Graduation,Married,46149
3698,1983,Graduation,Together,78687
9516,1971,2n Cycle,Divorced,49118
679,1957,PhD,Married,37633
7384,1951,Master,Together,39767
5043,1951,Basic,Married,26997
5267,1970,Graduation,Divorced,33986
339,1972,PhD,Married,57091
2516,1969,2n Cycle,Married,46831
9010,1972,Master,Married,83151
378,1971,Graduation,Married,52531
4808,1956,Graduation,Married,15759
5068,1971,Graduation,Single,22804
7628,1973,2n Cycle,Married,43050
7128,1977,PhD,Single,42997
2811,1963,PhD,Single,48918
3551,1954,Master,Together,60033
1663,1978,PhD,Together,34043
5543,1966,Graduation,Together,57811
1577,1946,Graduation,Married,78569
10641,1978,Graduation,Single,7500
5336,1971,Master,Together,157733
6024,1953,Graduation,Together,94384
1878,1985,2n Cycle,Married,23148
3099,1970,Graduation,Divorced,44267
6055,1979,Graduation,Married,71626
5841,1966,Graduation,Together,60894
3972,1976,Graduation,Together,50200
4394,1965,PhD,Married,81051
5758,1982,Graduation,Married,65169
6658,1972,Graduation,Together,59868
4603,1960,PhD,Married,65695
8427,1956,Master,Single,64857
10260,1965,Master,Together,45143
7143,1955,2n Cycle,Together,74805
8789,1989,2n Cycle,Married,59060
6197,1962,PhD,Single,27238
4554,1965,Graduation,Together,47009
4937,1973,2n Cycle,Married,46094
1920,1972,Graduation,Married,40321
8749,1984,Graduation,Together,37235
1650,1960,Master,Married,81843
10377,1958,Master,Together,46692
9206,1968,Graduation,Together,77382
10971,1977,Graduation,Single,37774
6398,1974,Basic,Married,18393
9212,1962,Master,Married,72828
7937,1982,Graduation,Married,24711
839,1975,PhD,Married,45503
4246,1982,Master,Single,6560
158,1945,PhD,Together,71604
4832,1979,Graduation,Married,27244
5621,1969,Graduation,Married,48752
1945,1962,Graduation,Married,71434
5147,1948,Graduation,Single,90842
2535,1978,Master,Married,88097
11039,1975,Graduation,Married,51948
9495,1982,Graduation,Together,71853
9635,1983,Master,Married,35876
2173,1952,Graduation,Widow,40049
942,1982,Graduation,Single,39660
9386,1962,Graduation,Together,50127
5510,1977,Master,Married,43263
873,1949,Master,Married,62845
2253,1990,Graduation,Married,18929
5181,1982,Basic,Single,24367
979,1975,Graduation,Single,33249
10390,1959,2n Cycle,Married,26887
4698,1983,PhD,Married,50150
7793,1976,Graduation,Together,62061
1745,1962,PhD,Divorced,85696
10590,1956,PhD,Together,76542
5080,1993,Graduation,Single,70515
8369,1987,Graduation,Together,18227
5232,1965,Graduation,Married,69139
2407,1982,Graduation,Married,69109
3834,1962,Graduation,Single,69627
7912,1978,Graduation,Married,38136
7712,1946,PhD,Single,62159
1065,1963,Graduation,Single,80695
7275,1971,Master,Single,33316
1343,1968,Graduation,Together,58554
1384,1992,Basic,Married,17256
9967,1974,Graduation,Divorced,53034
6181,1950,2n Cycle,Together,52203
10507,1977,2n Cycle,Divorced,59601
2674,1958,Master,Single,75154
2698,1976,Graduation,Single,47025
3231,1973,Graduation,Married,37971
4096,1968,Master,Divorced,41335
10476,1958,Graduation,Married,67267
5948,1975,Graduation,Single,57338
9140,1960,2n Cycle,Together,50523
10258,1965,Master,Single,35791
5675,1960,PhD,Divorced,50611
4743,1969,PhD,Married,56242
8805,1960,Graduation,Single,48904
1542,1975,Graduation,Single,56243
6770,1985,Graduation,Married,21355
8773,1971,Master,Together,57420
10475,1970,Master,Together,
10420,1955,Master,Divorced,46390
7514,1956,2n Cycle,Together,54342
2902,1958,Graduation,Together,
4345,1964,2n Cycle,Single,
793,1973,Graduation,Married,20895
10909,1948,Graduation,Married,92344
3769,1972,PhD,Together,
8702,1976,2n Cycle,Together,26907
4791,1980,Graduation,Together,44964
2963,1979,Graduation,Together,75507
8216,1972,Master,Married,53761
8140,1973,Graduation,Together,22682
10146,1972,PhD,Together,38887
5289,1975,2n Cycle,Single,41658
2587,1972,PhD,Married,29791
4405,1956,Master,Married,63915
8663,1974,Graduation,Divorced,39996
2589,1972,Graduation,Divorced,26759
3421,1968,Master,Divorced,63841
10490,1969,PhD,Married,51039
4094,1961,Graduation,Married,60544
9958,1972,Graduation,Married,65685
2534,1953,Graduation,Married,37716
4188,1957,Graduation,Single,36864
6613,1970,Master,Married,44511
10827,1967,PhD,Married,36947
5491,1951,Master,Together,47352
8402,1953,Master,Married,67087
8783,1950,Graduation,Married,57045
10010,1953,PhD,Divorced,36957
618,1977,PhD,Married,69389
9121,1972,Graduation,Married,80134
361,1969,Master,Married,43142
4310,1944,Graduation,Married,80589
2678,1990,Graduation,Single,34412
6376,1979,Graduation,Single,57537
524,1966,Basic,Together,22634
10341,1948,Graduation,Together,51315
5654,1972,Graduation,Married,36026
4098,1973,Graduation,Married,24639
5824,1972,PhD,Together,34578
7000,1972,2n Cycle,Single,65704
2561,1966,Graduation,Single,63810
5229,1969,PhD,Together,54132
4086,1959,Graduation,Married,18690
2428,1970,Graduation,Married,28164
8254,1974,PhD,Married,34596
2836,1972,PhD,Married,43269
8418,1958,2n Cycle,Single,38741
1362,1972,Graduation,Single,31907
7152,1983,Master,Married,27100
10033,1973,2n Cycle,Divorced,31163
9349,1985,Graduation,Married,92533
274,1973,Graduation,Single,34853
3388,1967,Graduation,Divorced,70844
922,1979,2n Cycle,Married,31086
8588,1961,Graduation,Married,60544
2518,1986,2n Cycle,Together,20491
574,1964,Graduation,Married,42523
3220,1983,Graduation,Married,39922
5967,1952,Graduation,Together,33402
1183,1949,Master,Married,36408
6856,1979,Graduation,Together,21645
4530,1948,Master,Widow,78427
1553,1946,Graduation,Together,82657
4682,1958,Graduation,Married,51876
8204,1971,2n Cycle,Married,78041
5221,1957,Graduation,Married,52852
1232,1982,PhD,Together,70038
1927,1973,2n Cycle,Together,69401
5788,1972,Graduation,Together,46053
6652,1965,Graduation,Married,77343
6246,1953,Graduation,Single,73892
5975,1967,PhD,Single,40304
6875,1965,PhD,Together,32727
4399,1969,Graduation,Together,68695
4042,1971,Graduation,Divorced,43300
2157,1972,Graduation,Together,26290
10133,1970,Graduation,Single,93790
2525,1974,PhD,Married,38410
8233,1950,Master,Widow,64866
9483,1959,Graduation,Together,57957
2945,1955,PhD,Together,46015
10403,1978,Graduation,Together,16531
5074,1986,Master,Married,28072
10524,1963,Master,Divorced,49476
4690,1953,Graduation,Married,50725
7521,1952,Graduation,Together,83844
7196,1950,PhD,Married,41145
4406,1970,Graduation,Together,67419
9672,1970,2n Cycle,Married,23162
4864,1977,Graduation,Married,34380
4706,1966,Graduation,Single,34704
4070,1969,PhD,Married,94871
25,1958,Graduation,Married,65148
3697,1954,Graduation,Together,39898
217,1956,Master,Single,64857
4220,1970,PhD,Married,59892
5286,1987,Master,Single,41020
9559,1961,PhD,Married,57072
2849,1979,Graduation,Single,60474
7787,1960,Graduation,Together,62807
3102,1981,2n Cycle,Together,19414
5868,1980,Graduation,Married,19107
8370,1976,2n Cycle,Together,75484
9988,1976,Master,Single,70379
2939,1970,Master,Together,79419
5529,1946,PhD,Together,64014
9743,1955,Graduation,Married,76998
5763,1972,Master,Together,49854
3478,1971,PhD,Married,60585
7494,1950,PhD,Divorced,42873
1763,1988,Graduation,Together,87679
7250,1978,Graduation,Together,57867
2005,1990,Graduation,Married,35765
10770,1959,Graduation,Married,65492
6885,1977,Graduation,Divorced,32952
2072,1969,PhD,Together,53374
9463,1959,Graduation,Together,71706
6318,1988,Graduation,Married,68487
4093,1975,Master,Together,53253
5751,1973,2n Cycle,Divorced,31163
3340,1977,Graduation,Married,42014
3594,1973,Master,Married,54108
3584,1955,PhD,Single,49667
3643,1974,Master,Married,63206
851,1972,Master,Married,57136
7706,1975,2n Cycle,Together,46772
3967,1971,PhD,Married,78931
10128,1958,Graduation,Together,53977
486,1988,Graduation,Married,84219
9,1975,Master,Single,46098
9451,1965,Graduation,Married,73538
9264,1986,Graduation,Married,79529
3865,1977,2n Cycle,Together,20981
2853,1980,Graduation,Single,51766
1490,1962,Graduation,Married,55759
6310,1978,Graduation,Married,33039
10380,1972,Master,Married,37787
3887,1970,Graduation,Single,27242
4278,1983,PhD,Single,87188
8643,1971,Graduation,Together,69930
1998,1976,Graduation,Single,37697
10795,1973,PhD,Married,37401
11110,1973,Graduation,Single,3502
2408,1976,Graduation,Married,58597
202,1948,PhD,Widow,82032
7998,1958,Graduation,Together,28087
830,1987,PhD,Single,74004
3536,1960,Graduation,Together,19740
6050,1975,2n Cycle,Married,57036
125,1958,2n Cycle,Together,53083
3463,1975,PhD,Married,69283
2804,1975,Master,Single,46098
3745,1988,2n Cycle,Married,23331
9771,1988,2n Cycle,Single,23331
451,1989,Graduation,Single,9255
10530,1959,PhD,Widow,67786
1079,1971,PhD,Married,71969
8920,1967,Master,Single,59235
6678,1989,Graduation,Together,31928
3852,1961,Master,Together,74881
528,1978,Graduation,Married,65819
73,1953,PhD,Single,51411
5589,1964,Graduation,Divorced,51983
10212,1986,Master,Together,42386
6365,1987,2n Cycle,Married,30390
5636,1963,Graduation,Single,30983
591,1957,Graduation,Widow,66033
2217,1975,2n Cycle,Married,37284
2544,1951,Master,Divorced,57530
7725,1965,2n Cycle,Married,76800
8091,1956,Graduation,Married,63943
7321,1962,Graduation,Together,76081
5462,1974,Graduation,Married,67445
7791,1967,Master,Married,37054
955,1962,Master,Together,47175
4037,1976,Graduation,Divorced,31859
6642,1961,Graduation,Divorced,27215
2793,1976,PhD,Divorced,70179
5424,1983,Graduation,Married,39922
879,1976,Master,Married,49681
9530,1988,Graduation,Married,24645
4828,1954,Graduation,Divorced,79865
10699,1985,Graduation,Married,44322
1497,1952,Graduation,Single,47958
7476,1964,Master,Single,63972
4390,1954,Graduation,Together,75315
10478,1950,PhD,Married,55517
1081,1957,PhD,Married,75283
4261,1946,PhD,Single,82800
9916,1954,Graduation,Married,38998
5350,1991,Master,Single,90638
8135,1986,Master,Married,27161
8685,1977,Graduation,Married,42014
4967,1960,PhD,Together,38201
2130,1982,Graduation,Together,45203
9298,1947,PhD,Together,81574
8175,1992,Graduation,Married,34935
6257,1976,Master,Single,60482
3790,1956,Graduation,Together,34633
9952,1947,Master,Together,78093
3503,1950,Graduation,Divorced,82460
5223,1966,Master,Together,45903
4608,1987,Graduation,Divorced,81361
1626,1973,PhD,Divorced,35860
4764,1952,Master,Together,40442
2471,1965,Graduation,Married,61482
5892,1980,Graduation,Married,34968
2612,1987,Graduation,Married,75794
4971,1962,PhD,Together,31497
5185,1955,Graduation,Married,74268
10069,1988,Basic,Together,13724
2262,1965,Master,Together,45143
1131,1967,PhD,Single,52569
1041,1973,PhD,Single,48432
24,1960,Master,Together,17144
3409,1984,Graduation,Single,36108
7022,1971,Graduation,Married,76445
7943,1975,PhD,Married,36663
5272,1965,Master,Married,53843
5453,1956,Master,Married,90226
2565,1955,Master,Divorced,70638
800,1960,Graduation,Together,44512
11092,1961,Graduation,Married,27116
5062,1963,PhD,Married,54072
8969,1977,Graduation,Married,71855
4656,1990,2n Cycle,Single,51250
4480,1973,Master,Married,60432
9971,1964,PhD,Married,65526
6729,1988,Graduation,Single,68655
1773,1978,2n Cycle,Married,12393
9242,1990,Graduation,Single,64509
1764,1975,Graduation,Single,33955
6215,1977,Graduation,Married,31353
10099,1984,Graduation,Married,55434
5423,1983,Graduation,Together,28359
940,1987,Graduation,Single,57100
3011,1965,Graduation,Married,69139
3298,1956,Master,Married,52973
8286,1965,PhD,Together,51717
9668,1971,Graduation,Married,18793
5120,1982,2n Cycle,Together,66664
6097,1959,Graduation,Single,50664
7019,1963,Graduation,Together,54414
7408,1952,PhD,Married,54549
8041,1971,PhD,Widow,47111
252,1963,PhD,Divorced,41003
9986,1982,Graduation,Together,19444
3276,1976,2n Cycle,Together,36301
3859,1947,PhD,Together,73059
3570,1969,PhD,Together,42731
3783,1959,PhD,Married,52854
10207,1978,Graduation,Together,22775
10906,1948,PhD,Together,46681
3427,1955,PhD,Married,59821
5209,1954,Graduation,Divorced,50002
10711,1945,Graduation,Married,69755
10785,1969,Graduation,Married,44078
2814,1976,Master,Together,30560
6866,1969,Master,Together,35924
1665,1964,PhD,Divorced,64140
6575,1981,Graduation,Together,56386
3829,1979,Basic,Together,24594
3091,1981,2n Cycle,Together,75774
10141,1960,Master,Divorced,39228
5177,1974,Master,Married,58494
7005,1981,Graduation,Single,58684
6409,1967,Graduation,Divorced,57136
7485,1950,PhD,Widow,56551
8079,1982,Graduation,Married,22448
8395,1961,Graduation,Single,82014
10352,1963,Graduation,Widow,34213
4931,1977,Graduation,Together,157146
13,1947,PhD,Widow,25358
1834,1978,Master,Single,35544
2285,1954,Master,Together,36634
2295,1954,PhD,Married,62670
1378,1972,2n Cycle,Together,50334
2781,1981,Graduation,Single,72066
1165,1958,PhD,Single,50729
1404,1968,Graduation,Together,34916
6457,1976,Graduation,Divorced,64892
2639,1966,Graduation,Single,43602
8299,1989,PhD,Single,33996
6437,1985,2n Cycle,Single,41473
6912,1967,PhD,Married,63246
7327,1959,PhD,Married,36732
5299,1970,PhD,Married,69084
4127,1967,PhD,Married,77766
8143,1985,PhD,Single,37929
1964,1951,Graduation,Together,86610
3690,1986,Master,Married,80141
3433,1955,2n Cycle,Married,72635
3389,1970,Graduation,Married,69016
4712,1991,2n Cycle,Together,20193
1170,1975,Graduation,Married,27573
6347,1979,Basic,Single,15862
4065,1976,PhD,Married,49544
8230,1980,Graduation,Married,33228
1215,1978,Graduation,Together,70440
5939,1971,Graduation,Together,38232
2156,1955,PhD,Married,22554
7788,1983,PhD,Married,23536
10323,1952,Graduation,Married,49413
7947,1969,Graduation,Married,42231
1891,1980,Master,Divorced,78789
2570,1968,Graduation,Together,56534
9256,1971,Graduation,Single,58350
295,1989,Graduation,Single,81217
7397,1951,Graduation,Single,49090
6349,1987,Master,Divorced,61787
10790,1985,PhD,Married,18169
10398,1981,2n Cycle,Single,24336
2431,1990,Graduation,Married,18222
550,1952,Graduation,Divorced,62335
1890,1971,2n Cycle,Together,42033
10742,1983,PhD,Married,86580
10356,1957,PhD,Divorced,41437
4676,1951,Master,Widow,73705
8852,1976,Graduation,Married,61064
3565,1955,Master,Married,38452
5294,1989,Graduation,Single,18358
1958,1973,PhD,Together,55012
7349,1973,Basic,Together,9722
8799,1984,PhD,Married,38175
1351,1956,Master,Together,58656
1045,1965,Graduation,Together,52117
7732,1978,Graduation,Married,64813
8070,1973,PhD,Married,54222
477,1986,Graduation,Married,83512
7832,1959,Master,Married,77520
2202,1978,Graduation,Together,41154
7396,1966,Graduation,Married,80398
4055,1992,Basic,Single,18746
10340,1984,Graduation,Together,35196
10091,1956,Graduation,Single,60230
7629,1977,Graduation,Married,22108
10640,1974,Graduation,Together,44392
3498,1976,PhD,Married,55424
6742,1979,Graduation,Married,17688
1172,1983,PhD,Married,92491
569,1991,Graduation,Single,90273
4686,1962,PhD,Widow,82571
1381,1982,PhD,Single,38513
2634,1979,Master,Single,16653
10905,1955,Graduation,Together,42586
1744,1965,Basic,Single,23529
1000,1961,Master,Together,74881
3828,1951,Graduation,Married,71107
8605,1964,PhD,Together,46910
10304,1959,Graduation,Married,18690
4351,1955,Graduation,Divorced,37244
10129,1966,Graduation,Together,82427
2499,1958,2n Cycle,Single,75342
10092,1954,Graduation,Divorced,70044
7500,1967,Graduation,Single,79146
5796,1963,Graduation,Married,77437
10556,1959,Graduation,Married,54984
1064,1971,PhD,Married,42403
48,1964,Graduation,Together,55761
7610,1983,Graduation,Together,37292
263,1945,PhD,Single,45576
10814,1947,Graduation,Together,70321
9710,1969,PhD,Divorced,58086
9292,1952,Graduation,Married,81795
10250,1947,Basic,Together,28389
7881,1946,Master,Married,66835
5847,1969,Graduation,Divorced,69901
737,1949,PhD,Married,80360
3571,1961,PhD,Together,63342
7807,1974,Graduation,Married,44989
3878,1980,2n Cycle,Single,31859
5092,1949,PhD,Widow,51569
2154,1971,Graduation,Widow,30372
5394,1979,Basic,Single,16014
3798,1968,Graduation,Married,41120
3524,1971,Master,Single,39763
5247,1955,PhD,Married,38725
5883,1972,Graduation,Married,77981
2118,1964,2n Cycle,Married,62905
8812,1979,2n Cycle,Divorced,13533
6616,1975,Graduation,Together,59481
2797,1977,Graduation,Married,72117
4328,1986,2n Cycle,Married,21955
9167,1956,Graduation,Married,67131
10560,1980,PhD,Single,36802
2631,1982,Graduation,Together,71853
8312,1961,Basic,Married,28249
5534,1975,Master,Married,47808
5093,1974,PhD,Divorced,25509
7592,1946,PhD,Married,51012
8895,1985,Graduation,Single,70596
8584,1952,PhD,Together,85431
2694,1967,Graduation,Married,42664
8910,1955,Graduation,Together,42586
7433,1985,Graduation,Single,29760
164,1977,PhD,Married,28973
10477,1973,PhD,Together,39435
2681,1984,2n Cycle,Married,65370
5150,1979,Basic,Single,20194
5283,1976,PhD,Single,42473
9645,1968,Graduation,Married,64590
10678,1959,Graduation,Together,71232
7261,1971,Graduation,Together,34600
9648,1967,Graduation,Single,46904
2870,1973,Graduation,Married,49094
8008,1983,Graduation,Together,36075
1513,1979,2n Cycle,Together,60839
6173,1979,Graduation,Together,77298
1419,1950,Graduation,Together,34026
9150,1963,PhD,Single,48918
7960,1962,2n Cycle,Together,82122
1250,1976,Graduation,Single,37697
9905,1952,Graduation,Together,34074
10691,1960,Master,Married,28520
7002,1955,Graduation,Single,62535
2952,1977,Master,Single,36273
8439,1964,Graduation,Together,63404
762,1981,2n Cycle,Together,75774
2831,1976,Graduation,Together,78416
6977,1974,Graduation,Together,75702
6289,1951,Master,Together,59385
4168,1966,Graduation,Single,37070
8397,1951,Graduation,Married,44689
9284,1958,Graduation,Together,53977
6237,1966,PhD,Single,7144
3130,1964,Graduation,Single,18701
1619,1956,Graduation,Married,90369
1990,1974,PhD,Single,63159
5513,1966,Graduation,Together,37758
269,1963,PhD,Single,46757
8093,1969,Master,Married,79734
10513,1992,Graduation,Together,63207
10177,1954,Graduation,Divorced,72071
2549,1983,PhD,Together,21840
5782,1982,2n Cycle,Together,58582
10057,1951,Graduation,Single,72282
10307,1956,Graduation,Married,50387
8566,1961,PhD,Together,32583
2415,1962,Graduation,Together,62568
5684,1971,Master,Divorced,44635
8334,1971,Master,Single,33316
9166,1968,Graduation,Married,63967
1440,1978,2n Cycle,Together,52513
78,1969,Graduation,Married,25293
5441,1965,PhD,Widow,54111
5302,1986,Graduation,Together,78394
4687,1958,Master,Married,80739
1087,1975,Master,Together,22669
6859,1987,Graduation,Single,29236
9860,1959,Graduation,Together,44911
7129,1962,PhD,Married,54693
5866,1974,Graduation,Together,48186
10521,1977,Graduation,Married,54809
7393,1978,Graduation,Together,41580
7849,1970,PhD,Married,80336
332,1957,Graduation,Married,47743
9847,1955,2n Cycle,Married,62972
531,1954,PhD,Divorced,57333
9576,1982,PhD,Together,32313
6906,1953,Master,Widow,84953
7419,1968,Master,Divorced,27071
3170,1957,Master,Together,68148
8527,1965,Master,Together,65735
7872,1975,PhD,Married,86836
9931,1963,PhD,Married,4023
10595,1990,Graduation,Married,30093
4609,1966,PhD,Married,57705
5010,1988,Graduation,Single,25008
4427,1995,2n Cycle,Single,83257
11148,1975,Graduation,Together,22280
1168,1978,PhD,Married,72159
9595,1961,Graduation,Together,64260
10163,1984,PhD,Single,82733
2886,1971,Master,Divorced,74290
6710,1951,Master,Single,58217
5316,1976,Master,Together,21024
9029,1972,PhD,Married,70116
521,1985,Graduation,Together,54006
1459,1966,PhD,Married,69063
10241,1975,2n Cycle,Divorced,11448
1630,1979,Graduation,Single,61825
3254,1971,Graduation,Married,70886
9064,1982,Graduation,Married,69109
3678,1973,Graduation,Widow,60208
4227,1968,Master,Together,32889
9467,1984,Graduation,Single,34738
8486,1971,Master,Together,30538
2186,1977,2n Cycle,Together,82326
3286,1967,PhD,Divorced,26642
8602,1964,Graduation,Divorced,69932
3722,1972,Graduation,Single,44503
6715,1948,PhD,Single,60200
4796,1952,Graduation,Divorced,49638
9612,1987,2n Cycle,Single,23830
3766,1959,Master,Widow,33051
1399,1958,Graduation,Married,72905
1570,1951,PhD,Together,69702
3426,1975,Graduation,Divorced,70300
3074,1984,PhD,Married,70643
8341,1969,PhD,Married,30396
5180,1968,PhD,Divorced,50616
6461,1969,Master,Single,62772
7679,1985,PhD,Single,30298
10702,1984,Graduation,Single,52413
7505,1957,PhD,Married,44155
5113,1971,PhD,Divorced,86979
10858,1975,Graduation,Together,76532
2961,1982,Graduation,Married,42081
2747,1988,PhD,Married,67546
3010,1989,Master,Together,88420
5790,1985,Graduation,Married,31158
6892,1968,Graduation,Divorced,61671
1743,1974,Graduation,Single,69719
3578,1949,Graduation,Divorced,49160
8462,1978,Basic,Together,24882
5558,1954,PhD,Single,90933
4619,1945,PhD,Single,113734
8780,1950,PhD,Together,59292
10789,1964,PhD,Married,45759
10779,1983,Graduation,Single,22148
5896,1987,Master,Married,73395
2337,1971,Graduation,Divorced,29819
10951,1968,Graduation,Married,45688
544,1954,Graduation,Married,62820
17,1971,PhD,Married,60491
10680,1986,Graduation,Together,33235
3265,1959,Graduation,Married,35701
5623,1980,Master,Married,31535
5832,1960,2n Cycle,Together,92556
5544,1970,Graduation,Single,67384
6417,1971,Master,Together,80573
5831,1967,Graduation,Married,77870
7101,1963,PhD,Widow,52278
10176,1968,Graduation,Single,57107
2326,1990,Graduation,Married,18929
4385,1981,PhD,Single,36038
2929,1976,Graduation,Single,20180
10686,1965,PhD,Together,34230
2546,1977,2n Cycle,Single,31878
3283,1972,2n Cycle,Married,70932
3138,1956,Graduation,Single,91249
4994,1943,Master,Single,77598
7966,1959,Graduation,Single,80982
3112,1977,Master,Married,22701
10872,1969,PhD,Married,55212
2181,1970,Graduation,Married,70617
1867,1957,Graduation,Single,64849
1518,1965,Master,Married,62694
5734,1974,PhD,Married,61917
2878,1947,PhD,Married,67472
1458,1982,Master,Married,21059
7007,1968,Master,Married,29543
6200,1951,Graduation,Married,75903
1403,1975,2n Cycle,Together,34984
4827,1956,PhD,Single,54998
6250,1949,PhD,Widow,54356
9291,1959,Master,Married,34242
2478,1973,Graduation,Married,25410
1139,1984,PhD,Married,73356
5138,1950,Graduation,Together,28320
5393,1977,Graduation,Single,23763
10413,1984,Graduation,Married,72570
5015,1976,Master,Married,34529
10868,1951,Graduation,Widow,70792
10676,1982,Graduation,Married,63211
2495,1974,Master,Married,83891
7842,1968,Graduation,Single,36065
9955,1954,Graduation,Together,39898
6663,1940,PhD,Single,51141
2162,1976,Graduation,Married,56939
3434,1951,Graduation,Single,80872
7919,1976,PhD,Together,72335
5626,1964,PhD,Single,61798
6428,1950,PhD,Widow,76842
8514,1976,Graduation,Together,29478
10448,1956,Graduation,Single,46998
2109,1990,Graduation,Single,96843
7530,1950,PhD,Widow,56551
8925,1965,Master,Married,70053
3009,1962,PhD,Widow,71670
6355,1978,Graduation,Married,44359
3517,1952,Graduation,Single,40887
1158,1966,Graduation,Divorced,48877
6203,1947,Graduation,Together,74485
7165,1972,Graduation,Together,64474
3595,1963,Graduation,Together,77226
8537,1949,Graduation,Widow,72643
4331,1978,Master,Together,85738
6281,1966,Graduation,Divorced,55686
4338,1983,Graduation,Single,39062
2452,1971,Graduation,Together,34600
9507,1975,Graduation,Married,40794
8360,1971,2n Cycle,Married,54690
10311,1969,Graduation,Married,4428
5117,1963,2n Cycle,Married,32632
4867,1968,PhD,Single,38236
9289,1979,Graduation,Married,36781
10913,1984,Master,Single,31385
3032,1984,Graduation,Married,24570
8524,1974,PhD,Divorced,25509
3334,1951,Graduation,Married,94642
4470,1962,Master,Married,58646
1406,1975,Graduation,Single,53201
8619,1957,Graduation,Together,21994
10821,1978,Graduation,Married,57113
4552,1991,Graduation,Married,51373
898,1986,Graduation,Married,23477
9797,1956,Graduation,Married,58116
10949,1963,PhD,Divorced,72968
8212,1971,Master,Married,39791
6248,1947,Master,Single,91712
10164,1958,Graduation,Single,94472
4547,1960,Graduation,Together,13672
6815,1980,2n Cycle,Married,96547
4122,1975,Graduation,Married,79205
10841,1975,PhD,Together,56559
5370,1973,PhD,Married,32644
176,1980,2n Cycle,Single,67506
4860,1970,Graduation,Single,24206
10757,1967,PhD,Divorced,28420
4023,1970,Graduation,Married,22979
6679,1966,Graduation,Single,33279
9923,1972,Master,Single,46423
7181,1977,Graduation,Married,30368
3599,1970,Graduation,Married,63684
405,1964,Graduation,Divorced,41638
6870,1959,PhD,Divorced,68805
832,1966,PhD,Together,65814
2002,1958,Graduation,Divorced,71964
3657,1986,Graduation,Single,39146
500,1977,Graduation,Together,96876
1951,1981,Basic,Married,34445
3262,1958,Graduation,Single,68281
4102,1975,2n Cycle,Married,37284
7042,1983,Graduation,Married,36790
10598,1967,Graduation,Together,27943
255,1951,Graduation,Divorced,22263
2375,1972,Graduation,Together,30261
9829,1978,Graduation,Together,28587
6214,1982,Master,Married,43815
4954,1956,Graduation,Married,48195
7861,1952,Master,Married,77027
4837,1965,PhD,Married,71322
9423,1979,Master,Married,32765
4198,1965,Graduation,Together,29672
153,1953,Graduation,Divorced,23272
9323,1949,Master,Together,49912
10001,1985,2n Cycle,Together,7500
3945,1947,PhD,Widow,68117
3799,1955,Graduation,Married,67225
8625,1976,Graduation,Married,17649
3491,1975,Graduation,Together,55914
983,1984,Graduation,Married,40059
9119,1950,Graduation,Together,60905
4786,1977,Graduation,Married,75330
5872,1951,Graduation,Single,60689
6568,1984,Graduation,Married,38680
5628,1982,Graduation,Together,61416
5631,1991,Graduation,Single,49767
4974,1970,Graduation,Single,83273
8416,1981,Graduation,Married,29009
5454,1979,Master,Married,45057
4095,1971,Graduation,Married,37150
5474,1970,Graduation,Single,43020
4268,1959,Graduation,Married,53154
10701,1973,Graduation,Married,65308
3507,1970,Graduation,Single,76467
2079,1947,2n Cycle,Married,81044
626,1951,Graduation,Married,32871
4426,1975,Graduation,Single,55801
2591,1959,Graduation,Widow,76320
10509,1955,Master,Single,36927
6382,1953,Graduation,Together,48794
6673,1965,Graduation,Single,23478
7441,1973,Graduation,Divorced,71128
1071,1976,PhD,Divorced,70179
10061,1950,Graduation,Married,59462
7187,1969,Master,Together,
8775,1969,Graduation,Together,38361
1612,1981,PhD,Single,
2345,1982,PhD,Together,70038
322,1978,Graduation,Together,42554
10897,1974,Graduation,Married,67445
123,1951,Graduation,Widow,67046
6103,1948,Graduation,Married,42192
7899,1952,PhD,Married,77610
10500,1984,Graduation,Married,31761
1655,1979,Graduation,Together,34350
2406,1949,Graduation,Together,54591
2712,1956,Graduation,Married,71866
5517,1969,Graduation,Married,25293
10643,1987,PhD,Single,42000
2254,1983,Graduation,Married,69520
10281,1970,Graduation,Divorced,64713
6958,1977,Master,Married,27889
954,1960,Basic,Widow,22123
5079,1971,Graduation,Married,
10339,1954,Master,Together,
4643,1973,Graduation,Married,27803
3117,1955,Graduation,Single,
6497,1960,Graduation,Married,51651
5396,1988,Graduation,Married,68487
5250,1943,Master,Widow,
1052,1969,Graduation,Married,56796
2802,1992,2n Cycle,Married,87000
6343,1959,Graduation,Married,79823
6507,1980,Graduation,Single,30828
7901,1971,Master,Married,34109
4865,1974,Master,Divorced,53367
2686,1969,Basic,Together,22390
3107,1976,Graduation,Together,71322
7734,1993,Graduation,Absurd,79244
1146,1949,Master,Together,49912
11031,1950,PhD,Married,48699
7428,1975,Graduation,Together,80144
975,1956,Graduation,Single,54252
1103,1976,Master,Married,81929
3422,1975,Graduation,Married,76068
1055,1976,Master,Married,53204
6544,1949,PhD,Together,67911
1241,1984,2n Cycle,Married,14796
2909,1974,PhD,Married,78128
5802,1972,Basic,Married,14188
1407,1986,Basic,Married,20425
6183,1962,Master,Married,58646
340,1970,Graduation,Divorced,72967
5991,1949,Master,Married,48150
3104,1961,Graduation,Single,82332
9729,1955,Graduation,Widow,58275
1008,1981,PhD,Together,44953
11091,1953,Graduation,Together,34587
3969,1974,Master,Together,43018
1916,1954,Master,Married,45736
9907,1969,Master,Together,66476
87,1981,2n Cycle,Married,27733
8659,1952,PhD,Together,69805
6262,1962,Master,Single,72217
6147,1971,Graduation,Divorced,25818
8832,1976,Master,Together,37509
10067,1976,2n Cycle,Together,25176
7532,1980,Graduation,Married,43586
4915,1956,2n Cycle,Married,53230
2115,1957,Graduation,Together,50116
2088,1972,Graduation,Together,84906
2493,1966,Graduation,Married,61286
6292,1986,PhD,Married,82333
1631,1965,PhD,Together,65220
10104,1974,Graduation,Together,33590
3006,1976,Graduation,Divorced,30992
3919,1976,Master,Single,72309
11181,1949,PhD,Married,156924
642,1980,Basic,Married,16005
4369,1957,Master,Absurd,65487
10127,1965,Graduation,Married,58692
271,1969,Graduation,Widow,40590
4973,1970,Graduation,Single,20587
2948,1954,Master,Divorced,62637
2715,1966,Master,Divorced,29435
10432,1974,Graduation,Divorced,19346
9216,1971,Graduation,Married,35788
7124,1968,Graduation,Divorced,36997
9727,1957,Graduation,Married,23539
5136,1973,Graduation,Single,65333
9790,1957,Graduation,Single,78499
1818,1971,PhD,Together,29732
1100,1960,Master,Together,41275
7873,1973,PhD,Together,63516
10609,1962,PhD,Married,42769
6950,1958,Master,Married,49572
7233,1972,Graduation,Married,69209
9481,1976,Graduation,Married,17148
7699,1969,Graduation,Widow,40590
2711,1976,Master,Together,30560
8933,1983,2n Cycle,Married,32146
8726,1964,2n Cycle,Divorced,41713
1515,1975,Master,Together,34176
5186,1955,PhD,Married,58482
10157,1965,Graduation,Single,59686
5667,1964,PhD,Married,60896
902,1980,Graduation,Together,62994
977,1957,Graduation,Together,47320
7313,1949,2n Cycle,Widow,74859
7600,1992,Basic,Single,15253
9706,1974,PhD,Single,31560
2429,1954,Graduation,Divorced,72071
3520,1990,Master,Single,91172
10394,1984,Graduation,Married,90000
4548,1981,Graduation,Single,41967
9362,1965,Graduation,Single,69263
3968,1970,2n Cycle,Divorced,65706
4084,1975,Graduation,Together,60934
6721,1951,Graduation,Married,71965
2829,1955,Graduation,Married,65210
1772,1975,PhD,Married,79174
1544,1967,Master,Divorced,81380
492,1973,PhD,YOLO,48432
4377,1971,Graduation,Married,52914
4541,1955,Graduation,Together,38946
1321,1974,Graduation,Married,26067
8858,1972,PhD,Married,44325
3266,1964,Graduation,Married,42523
11187,1978,Basic,Single,26487
8207,1957,2n Cycle,Married,53233
9723,1960,Graduation,Married,67716
2666,1972,Master,Married,76234
5721,1956,PhD,Married,84117
10652,1957,Master,Together,65487
1646,1972,Basic,Married,25224
4418,1983,Master,Single,89616
2656,1971,Graduation,Divorced,40851
7990,1947,Graduation,Married,27469
8722,1957,2n Cycle,Married,82347
7118,1957,Graduation,Married,73803
2980,1952,Master,Single,8820
1839,1974,Graduation,Single,43322
10722,1973,Graduation,Together,55593
2632,1954,Graduation,Married,50501
9014,1975,Graduation,Married,37085
7620,1990,Basic,Single,16185
10968,1969,Graduation,Single,57731
11133,1973,PhD,YOLO,48432
2736,1978,Graduation,Married,73807
1876,1990,Graduation,Married,18929
5959,1968,Graduation,Single,35893
1092,1980,Graduation,Married,61014
4333,1954,Graduation,Together,32144
3850,1963,Basic,Together,14918
6168,1963,Graduation,Divorced,45146
607,1955,2n Cycle,Divorced,41769
10469,1981,Graduation,Together,88325
6983,1950,Master,Divorced,38054
3661,1995,2n Cycle,Single,80617
9303,1976,Graduation,Married,5305
692,1954,Graduation,Together,36807
736,1983,Graduation,Together,28427
9589,1948,PhD,Widow,82032
4838,1978,Graduation,Together,22775
9246,1985,Master,Together,40101
6261,1979,Graduation,Married,58025
7366,1982,Master,Single,75777
10659,1979,2n Cycle,Together,7500
1448,1963,Master,Married,33562
4286,1970,PhD,Single,57642
4749,1968,Graduation,Together,58554
4478,1979,Graduation,Married,63777
4201,1962,Graduation,Single,57967
8720,1978,2n Cycle,Together,
10084,1972,Graduation,Married,24434
7004,1984,Graduation,Single,11012
9817,1970,Master,Single,44802
8080,1986,Graduation,Single,26816
9432,1977,Graduation,Together,666666
8372,1974,Graduation,Married,34421
10870,1967,Graduation,Married,61223
4001,1946,PhD,Together,64014
7270,1981,Graduation,Divorced,56981
8235,1956,Master,Together,69245
9405,1954,PhD,Married,52869
